SUMLEV,STATE,COUNTY,PLACE,COUSUB,CONCIT,PRIMGEO_FLAG,FUNCSTAT,NAME,STNAME,CENSUS2010POP,ESTIMATESBASE2010,POPESTIMATE2010,POPESTIMATE2011,POPESTIMATE2012,POPESTIMATE2013,POPESTIMATE2014,POPESTIMATE2015,POPESTIMATE2016,POPESTIMATE2017,POPESTIMATE2018
040,23,000,00000,00000,00000,0,A,Maine,Maine,1328361,1328369,1327632,1328150,1327691,1328196,1330760,1328484,1331370,1335063,1338404
162,23,000,02060,00000,00000,0,A,Auburn city,Maine,23055,23058,23055,22977,22962,22926,22940,22938,23116,23146,23196
162,23,000,02100,00000,00000,0,A,Augusta city,Maine,19136,19138,19108,18998,18925,18779,18738,18520,18587,18651,18681
162,23,000,02795,00000,00000,0,A,Bangor city,Maine,33039,33024,33017,32940,32746,32635,32556,32133,31880,31965,31997
162,23,000,03355,00000,00000,0,A,Bath city,Maine,8514,8514,8490,8427,8402,8357,8337,8313,8282,8321,8329
162,23,000,03950,00000,00000,0,A,Belfast city,Maine,6668,6668,6666,6657,6670,6657,6654,6638,6723,6745,6714
162,23,000,04860,00000,00000,0,A,Biddeford city,Maine,21277,21276,21268,21310,21307,21340,21410,21411,21458,21488,21514
162,23,000,06925,00000,00000,0,A,Brewer city,Maine,9482,9485,9470,9442,9376,9309,9270,9166,9060,9098,9051
162,23,000,09585,00000,00000,0,A,Calais city,Maine,3123,3123,3120,3104,3085,3068,3034,3015,2995,2988,2989
162,23,000,10565,00000,00000,0,A,Caribou city,Maine,8189,8189,8167,8123,8047,7976,7920,7839,7739,7677,7614
162,23,000,21730,00000,00000,0,A,Eastport city,Maine,1331,1331,1329,1321,1314,1301,1287,1281,1268,1263,1259
162,23,000,23200,00000,00000,0,A,Ellsworth city,Maine,7741,7741,7736,7769,7817,7897,7887,7904,7954,8015,8048
162,23,000,27085,00000,00000,0,A,Gardiner city,Maine,5800,5790,5782,5755,5732,5691,5679,5655,5668,5671,5660
162,23,000,30550,00000,00000,0,A,Hallowell city,Maine,2381,2375,2373,2365,2356,2346,2344,2336,2349,2363,2371
162,23,000,38740,00000,00000,0,A,Lewiston city,Maine,36592,36592,36583,36473,36434,36274,36276,36132,36084,36046,35944
162,23,000,55225,00000,00000,0,A,Old Town city,Maine,7840,7846,7834,7809,7751,7705,7680,7592,7505,7493,7459
162,23,000,60545,00000,00000,0,A,Portland city,Maine,66194,66193,66090,66177,66215,66388,66835,66829,66898,66723,66417
162,23,000,60825,00000,00000,0,A,Presque Isle city,Maine,9692,9692,9664,9617,9526,9401,9315,9252,9158,9076,8998
162,23,000,63590,00000,00000,0,A,Rockland city,Maine,7297,7297,7291,7262,7219,7243,7270,7206,7193,7171,7146
162,23,000,64675,00000,00000,0,A,Saco city,Maine,18482,18501,18516,18645,18765,18890,19049,19079,19265,19567,19748
162,23,000,65725,00000,00000,0,A,Sanford city,Maine,A,20791,20788,20842,20871,20832,20911,20917,21004,21080,21183
162,23,000,71990,00000,00000,0,A,South Portland city,Maine,25002,25004,24976,25050,25080,25259,25464,25521,25538,25472,25606
162,23,000,80740,00000,00000,0,A,Waterville city,Maine,15722,15723,15724,15749,15824,15974,16214,16460,16619,16685,16646
162,23,000,82105,00000,00000,0,A,Westbrook city,Maine,17494,17515,17507,17577,17620,17800,17955,18020,18360,18753,18974
050,23,001,00000,00000,00000,0,A,Androscoggin County,Maine,107702,107710,107707,107426,107481,107275,107415,107155,107404,107569,107679
157,23,001,02060,00000,00000,0,A,Auburn city,Maine,23055,23058,23055,22977,22962,22926,22940,22938,23116,23146,23196
157,23,001,38740,00000,00000,0,A,Lewiston city,Maine,36592,36592,36583,36473,36434,36274,36276,36132,36084,36046,35944
157,23,001,99990,00000,00000,0,F,Balance of Androscoggin County,Maine,48055,48060,48069,47976,48085,48075,48199,48085,48204,48377,48539
061,23,001,00000,02060,00000,0,F,Auburn city,Maine,23055,23058,23055,22977,22962,22926,22940,22938,23116,23146,23196
071,23,001,02060,02060,00000,1,A,Auburn city,Maine,23055,23058,23055,22977,22962,22926,22940,22938,23116,23146,23196
061,23,001,00000,19105,00000,1,A,Durham town,Maine,3848,3850,3852,3864,3877,3882,3900,3906,3928,3949,3967
061,23,001,00000,29255,00000,1,A,Greene town,Maine,4350,4351,4353,4345,4342,4337,4351,4345,4363,4366,4359
061,23,001,00000,38565,00000,1,A,Leeds town,Maine,2326,2325,2326,2323,2319,2310,2310,2298,2298,2307,2308
061,23,001,00000,38740,00000,0,F,Lewiston city,Maine,36592,36592,36583,36473,36434,36274,36276,36132,36084,36046,35944
071,23,001,38740,38740,00000,1,A,Lewiston city,Maine,36592,36592,36583,36473,36434,36274,36276,36132,36084,36046,35944
061,23,001,00000,40035,00000,1,A,Lisbon town,Maine,9009,9017,9013,8957,8944,8910,8906,8869,8870,8886,8979
061,23,001,00000,40665,00000,1,A,Livermore town,Maine,2095,2095,2095,2090,2089,2084,2096,2099,2104,2114,2120
061,23,001,00000,40770,00000,1,A,Livermore Falls town,Maine,3187,3187,3185,3168,3161,3149,3145,3130,3145,3143,3140
061,23,001,00000,44585,00000,1,A,Mechanic Falls town,Maine,3031,3031,3029,3020,3010,3005,3003,2990,2985,2983,2979
061,23,001,00000,46160,00000,1,A,Minot town,Maine,2607,2604,2605,2602,2597,2585,2580,2571,2580,2594,2598
061,23,001,00000,60020,00000,1,A,Poland town,Maine,5376,5376,5382,5386,5409,5465,5512,5513,5537,5585,5612
061,23,001,00000,64570,00000,1,A,Sabattus town,Maine,4876,4879,4882,4906,5006,5006,5022,5006,5016,5032,5043
061,23,001,00000,77800,00000,1,A,Turner town,Maine,5734,5735,5738,5713,5722,5727,5752,5738,5756,5792,5816
061,23,001,00000,79585,00000,1,A,Wales town,Maine,1616,1610,1609,1602,1609,1615,1622,1620,1622,1626,1618
050,23,003,00000,00000,00000,0,A,Aroostook County,Maine,71870,71873,71701,71384,70767,70094,69553,68855,68233,67595,67111
157,23,003,10565,00000,00000,0,A,Caribou city,Maine,8189,8189,8167,8123,8047,7976,7920,7839,7739,7677,7614
157,23,003,60825,00000,00000,0,A,Presque Isle city,Maine,9692,9692,9664,9617,9526,9401,9315,9252,9158,9076,8998
157,23,003,99990,00000,00000,0,F,Balance of Aroostook County,Maine,53989,53992,53870,53644,53194,52717,52318,51764,51336,50842,50499
061,23,003,00000,00800,00000,1,A,Allagash town,Maine,239,239,238,236,234,230,228,225,222,220,218
061,23,003,00000,01220,00000,1,A,Amity town,Maine,238,238,237,236,234,229,227,224,222,220,218
061,23,003,00000,01710,00000,1,A,Ashland town,Maine,1302,1302,1298,1288,1281,1264,1254,1237,1231,1223,1216
061,23,003,00000,02760,00000,1,A,Bancroft town,Maine,68,72,72,71,71,70,69,68,68,67,66
061,23,003,00000,05385,00000,1,A,Blaine town,Maine,726,726,726,723,718,710,703,694,686,680,674
061,23,003,00000,07065,00000,1,A,Bridgewater town,Maine,610,610,608,604,598,591,586,579,574,568,563
061,23,003,00000,10565,00000,0,F,Caribou city,Maine,8189,8189,8167,8123,8047,7976,7920,7839,7739,7677,7614
071,23,003,10565,10565,00000,1,A,Caribou city,Maine,8189,8189,8167,8123,8047,7976,7920,7839,7739,7677,7614
061,23,003,00000,11020,00000,1,A,Cary plantation,Maine,218,218,217,216,214,211,211,208,206,204,204
061,23,003,00000,11300,00000,1,A,Castle Hill town,Maine,425,425,424,421,417,410,406,403,399,398,397
061,23,003,00000,11335,00000,1,A,Caswell town,Maine,306,304,303,301,298,295,292,292,288,286,283
061,23,003,00000,11785,00000,1,S,Central Aroostook UT,Maine,118,119,119,118,117,116,115,113,112,111,110
061,23,003,00000,12000,00000,1,A,Chapman town,Maine,468,468,469,466,463,460,456,452,447,447,445
061,23,003,00000,13900,00000,1,S,Connor UT,Maine,457,459,458,455,450,445,441,435,430,426,424
061,23,003,00000,15395,00000,1,A,Crystal town,Maine,269,269,268,266,264,261,258,255,252,250,248
061,23,003,00000,15990,00000,1,A,Cyr plantation,Maine,103,103,103,102,101,100,99,98,97,96,95
061,23,003,00000,19210,00000,1,A,Dyer Brook town,Maine,213,206,205,206,205,203,201,197,195,194,195
061,23,003,00000,19420,00000,1,A,Eagle Lake town,Maine,864,867,864,860,853,839,834,826,810,811,805
061,23,003,00000,21380,00000,1,A,Easton town,Maine,1287,1287,1283,1274,1263,1248,1236,1223,1209,1199,1191
061,23,003,00000,25615,00000,1,A,Fort Fairfield town,Maine,3496,3496,3487,3464,3430,3438,3405,3366,3331,3302,3281
061,23,003,00000,25755,00000,1,A,Fort Kent town,Maine,4097,4097,4092,4091,4059,4034,4014,3972,3922,3863,3846
061,23,003,00000,26735,00000,1,A,Frenchville town,Maine,1087,1087,1083,1079,1069,1058,1050,1035,1023,1015,1006
061,23,003,00000,27120,00000,1,A,Garfield plantation,Maine,81,81,81,80,79,79,78,77,76,75,75
061,23,003,00000,27855,00000,1,A,Glenwood plantation,Maine,3,3,3,3,3,3,3,3,3,3,3
061,23,003,00000,28590,00000,1,A,Grand Isle town,Maine,467,467,466,462,458,453,449,443,438,436,432
061,23,003,00000,30690,00000,1,A,Hamlin town,Maine,219,219,218,217,215,213,211,208,206,206,204
061,23,003,00000,30725,00000,1,A,Hammond town,Maine,118,118,118,117,116,114,113,112,111,110,109
061,23,003,00000,32195,00000,1,A,Haynesville town,Maine,121,121,121,120,119,117,116,115,113,112,111
061,23,003,00000,32685,00000,1,A,Hersey town,Maine,83,83,83,82,81,80,80,79,78,77,76
061,23,003,00000,33385,00000,1,A,Hodgdon town,Maine,1309,1309,1307,1299,1296,1294,1295,1290,1284,1276,1271
061,23,003,00000,33980,00000,1,A,Houlton town,Maine,6123,6123,6121,6116,6062,6009,5978,5919,5869,5809,5763
061,23,003,00000,35065,00000,1,A,Island Falls town,Maine,837,844,841,837,829,821,813,805,795,787,781
061,23,003,00000,39300,00000,1,A,Limestone town,Maine,2314,2314,2307,2294,2276,2260,2245,2230,2246,2226,2212
061,23,003,00000,39965,00000,1,A,Linneus town,Maine,984,984,982,976,966,957,948,935,926,920,916
061,23,003,00000,40595,00000,1,A,Littleton town,Maine,1068,1068,1065,1060,1048,1033,1023,1011,1002,994,985
061,23,003,00000,41715,00000,1,A,Ludlow town,Maine,404,404,403,400,396,393,390,385,381,377,374
061,23,003,00000,42450,00000,1,A,Macwahoc plantation,Maine,79,81,81,80,79,79,78,77,76,75,75
061,23,003,00000,42520,00000,1,A,Madawaska town,Maine,4035,4035,4022,4002,3968,3931,3897,3849,3815,3731,3700
061,23,003,00000,43255,00000,1,A,Mapleton town,Maine,1948,1948,1944,1938,1920,1906,1888,1874,1857,1845,1837
061,23,003,00000,43710,00000,1,A,Mars Hill town,Maine,1493,1493,1490,1487,1472,1456,1449,1438,1485,1472,1462
061,23,003,00000,43990,00000,1,A,Masardis town,Maine,249,249,248,247,244,240,238,235,232,230,226
061,23,003,00000,45180,00000,1,A,Merrill town,Maine,273,273,274,272,270,266,264,261,258,254,251
061,23,003,00000,46685,00000,1,A,Monticello town,Maine,790,790,789,786,782,773,764,755,746,744,743
061,23,003,00000,47175,00000,1,A,Moro plantation,Maine,38,38,38,38,37,37,36,36,36,35,35
061,23,003,00000,48120,00000,1,A,Nashville plantation,Maine,46,46,46,46,45,45,44,44,43,43,42
061,23,003,00000,48575,00000,1,A,New Canada town,Maine,321,322,321,321,318,314,313,312,308,305,302
061,23,003,00000,48960,00000,1,A,New Limerick town,Maine,510,510,508,508,503,497,491,485,479,477,475
061,23,003,00000,49415,00000,1,A,New Sweden town,Maine,602,602,600,600,598,593,591,587,582,580,575
061,23,003,00000,53602,00000,1,S,Northwest Aroostook UT,Maine,10,10,10,10,10,10,10,9,9,9,9
061,23,003,00000,54385,00000,1,A,Oakfield town,Maine,737,737,735,730,723,716,709,700,694,687,682
061,23,003,00000,55435,00000,1,A,Orient town,Maine,147,147,147,146,144,142,142,142,141,141,141
061,23,003,00000,56205,00000,1,A,Oxbow plantation,Maine,66,66,66,65,65,64,63,63,62,61,61
061,23,003,00000,57936,00000,1,F,Penobscot Indian Island Reservation,Maine,0,0,0,0,0,0,0,0,0,0,0
061,23,003,00000,58060,00000,1,A,Perham town,Maine,386,386,385,382,377,374,373,372,368,366,365
061,23,003,00000,60300,00000,1,A,Portage Lake town,Maine,391,391,390,389,387,383,381,377,375,372,368
061,23,003,00000,60825,00000,0,F,Presque Isle city,Maine,9692,9692,9664,9617,9526,9401,9315,9252,9158,9076,8998
071,23,003,60825,60825,00000,1,A,Presque Isle city,Maine,9692,9692,9664,9617,9526,9401,9315,9252,9158,9076,8998
061,23,003,00000,62400,00000,1,A,Reed plantation,Maine,161,157,156,155,154,152,149,148,146,144,143
061,23,003,00000,64780,00000,1,A,St. Agatha town,Maine,747,747,746,746,743,739,733,727,719,716,714
061,23,003,00000,65025,00000,1,A,St. Francis town,Maine,485,485,483,480,476,469,464,459,453,449,445
061,23,003,00000,65200,00000,1,A,St. John plantation,Maine,267,267,266,264,262,261,258,255,252,250,249
061,23,003,00000,67790,00000,1,A,Sherman town,Maine,848,846,843,838,830,820,812,802,793,786,780
061,23,003,00000,69260,00000,1,A,Smyrna town,Maine,442,442,441,442,443,440,436,430,428,424,420
061,23,003,00000,69930,00000,1,S,South Aroostook UT,Maine,386,386,385,383,379,375,371,367,363,360,358
061,23,003,00000,73472,00000,1,S,Square Lake UT,Maine,594,591,589,586,581,574,569,562,556,551,546
061,23,003,00000,74405,00000,1,A,Stockholm town,Maine,253,253,252,251,248,245,243,240,237,235,233
061,23,003,00000,78570,00000,1,A,Van Buren town,Maine,2171,2171,2166,2156,2136,2110,2090,2069,2036,2010,1993
061,23,003,00000,79270,00000,1,A,Wade town,Maine,283,283,282,280,278,274,272,268,265,263,260
061,23,003,00000,79865,00000,1,A,Wallagrass town,Maine,546,546,544,542,539,533,534,530,529,527,527
061,23,003,00000,80285,00000,1,A,Washburn town,Maine,1687,1687,1684,1673,1657,1638,1620,1598,1580,1565,1549
061,23,003,00000,82770,00000,1,A,Westfield town,Maine,549,549,547,546,541,535,532,525,520,514,510
061,23,003,00000,83540,00000,1,A,Westmanland town,Maine,62,62,62,61,61,60,60,59,58,58,57
061,23,003,00000,83785,00000,1,A,Weston town,Maine,228,229,228,227,225,223,220,218,215,214,212
061,23,003,00000,86865,00000,1,A,Winterville plantation,Maine,224,224,223,222,220,217,216,213,211,209,208
061,23,003,00000,87215,00000,1,A,Woodland town,Maine,1213,1213,1209,1205,1196,1188,1181,1164,1157,1152,1149
050,23,005,00000,00000,00000,0,A,Cumberland County,Maine,281674,281676,281458,282663,283624,285570,288137,289544,291138,292344,293557
157,23,005,60545,00000,00000,0,A,Portland city,Maine,66194,66193,66090,66177,66215,66388,66835,66829,66898,66723,66417
157,23,005,71990,00000,00000,0,A,South Portland city,Maine,25002,25004,24976,25050,25080,25259,25464,25521,25538,25472,25606
157,23,005,82105,00000,00000,0,A,Westbrook city,Maine,17494,17515,17507,17577,17620,17800,17955,18020,18360,18753,18974
157,23,005,99990,00000,00000,0,F,Balance of Cumberland County,Maine,172984,172964,172885,173859,174709,176123,177883,179174,180342,181396,182560
061,23,005,00000,02655,00000,1,A,Baldwin town,Maine,1525,1524,1524,1542,1551,1566,1580,1583,1593,1600,1608
061,23,005,00000,07170,00000,1,A,Bridgton town,Maine,5210,5214,5214,5250,5278,5317,5355,5364,5376,5370,5368
061,23,005,00000,08430,00000,1,A,Brunswick town,Maine,20278,20279,20255,20295,20323,20394,20472,20642,20546,20520,20481
061,23,005,00000,10180,00000,1,A,Cape Elizabeth town,Maine,9015,9013,9005,9041,9066,9131,9230,9258,9287,9299,9313
061,23,005,00000,11125,00000,1,A,Casco town,Maine,3742,3742,3738,3754,3775,3807,3844,3866,3898,3899,3902
061,23,005,00000,12300,00000,1,A,Chebeague Island town,Maine,341,341,340,341,343,346,347,351,352,351,351
061,23,005,00000,15430,00000,1,A,Cumberland town,Maine,7211,7203,7201,7239,7290,7370,7542,7670,7791,8126,8165
061,23,005,00000,24495,00000,1,A,Falmouth town,Maine,11185,11180,11189,11281,11373,11481,11724,11914,12098,12170,12240
061,23,005,00000,26525,00000,1,A,Freeport town,Maine,7879,7878,7875,7931,8031,8117,8235,8305,8400,8448,8510
061,23,005,00000,27025,00000,1,A,Frye Island town,Maine,5,5,5,5,5,5,5,5,5,5,5
061,23,005,00000,28240,00000,1,A,Gorham town,Maine,16381,16371,16368,16501,16639,16806,16975,17138,17335,17439,17651
061,23,005,00000,28870,00000,1,A,Gray town,Maine,7761,7763,7762,7808,7844,7899,7965,8020,8077,8159,8206
061,23,005,00000,31390,00000,1,A,Harpswell town,Maine,4740,4740,4737,4761,4777,4804,4850,4869,4883,4894,4912
061,23,005,00000,31600,00000,1,A,Harrison town,Maine,2730,2734,2731,2745,2754,2774,2790,2791,2789,2783,2785
061,23,005,00000,41067,00000,1,A,Long Island town,Maine,230,230,230,232,234,237,238,238,239,240,240
061,23,005,00000,48085,00000,1,A,Naples town,Maine,3872,3872,3874,3892,3901,3924,3950,3959,3966,3961,3954
061,23,005,00000,48820,00000,1,A,New Gloucester town,Maine,5542,5543,5543,5564,5589,5624,5668,5692,5724,5754,5803
061,23,005,00000,53860,00000,1,A,North Yarmouth town,Maine,3565,3573,3570,3583,3605,3645,3692,3714,3743,3761,3800
061,23,005,00000,60545,00000,0,F,Portland city,Maine,66194,66193,66090,66177,66215,66388,66835,66829,66898,66723,66417
071,23,005,60545,60545,00000,1,A,Portland city,Maine,66194,66193,66090,66177,66215,66388,66835,66829,66898,66723,66417
061,23,005,00000,60685,00000,1,A,Pownal town,Maine,1474,1472,1470,1473,1476,1484,1507,1514,1521,1537,1548
061,23,005,00000,61945,00000,1,A,Raymond town,Maine,4436,4438,4432,4442,4447,4466,4494,4502,4505,4495,4512
061,23,005,00000,66145,00000,1,A,Scarborough town,Maine,18919,18910,18896,19022,19112,19292,19486,19597,19817,19918,20352
061,23,005,00000,66775,00000,1,A,Sebago town,Maine,1719,1720,1719,1729,1736,1750,1764,1776,1794,1805,1814
061,23,005,00000,71990,00000,0,F,South Portland city,Maine,25002,25004,24976,25050,25080,25259,25464,25521,25538,25472,25606
071,23,005,71990,71990,00000,1,A,South Portland city,Maine,25002,25004,24976,25050,25080,25259,25464,25521,25538,25472,25606
061,23,005,00000,73670,00000,1,A,Standish town,Maine,9874,9872,9865,9899,9912,9985,10069,10116,10090,10065,10083
061,23,005,00000,82105,00000,0,F,Westbrook city,Maine,17494,17515,17507,17577,17620,17800,17955,18020,18360,18753,18974
071,23,005,82105,82105,00000,1,A,Westbrook city,Maine,17494,17515,17507,17577,17620,17800,17955,18020,18360,18753,18974
061,23,005,00000,86025,00000,1,A,Windham town,Maine,17001,16997,16999,17141,17233,17439,17601,17772,17999,18319,18439
061,23,005,00000,87845,00000,1,A,Yarmouth town,Maine,8349,8350,8343,8388,8415,8460,8500,8518,8514,8478,8518
050,23,007,00000,00000,00000,0,A,Franklin County,Maine,30768,30767,30720,30738,30649,30520,30243,30057,30046,29852,29897
061,23,007,00000,02235,00000,1,A,Avon town,Maine,461,461,460,459,456,454,448,443,442,439,437
061,23,007,00000,10740,00000,1,A,Carrabassett Valley town,Maine,781,778,776,780,781,781,777,773,776,775,777
061,23,007,00000,10915,00000,1,A,Carthage town,Maine,560,560,559,557,556,553,546,540,539,536,534
061,23,007,00000,12595,00000,1,A,Chesterville town,Maine,1352,1355,1354,1362,1358,1356,1350,1339,1340,1337,1338
061,23,007,00000,14205,00000,1,A,Coplin plantation,Maine,166,166,166,165,164,163,161,161,160,159,158
061,23,007,00000,16165,00000,1,A,Dallas plantation,Maine,309,309,308,308,307,305,301,299,298,296,295
061,23,007,00000,19865,00000,1,S,East Central Franklin UT,Maine,808,808,806,805,801,796,787,780,778,772,771
061,23,007,00000,24005,00000,1,A,Eustis town,Maine,618,618,617,618,620,622,616,610,612,609,610
061,23,007,00000,24775,00000,1,A,Farmington town,Maine,7760,7760,7747,7741,7706,7652,7595,7604,7616,7556,7619
061,23,007,00000,34820,00000,1,A,Industry town,Maine,929,924,924,924,925,926,920,913,911,905,913
061,23,007,00000,35625,00000,1,A,Jay town,Maine,4851,4848,4837,4825,4801,4772,4715,4666,4656,4624,4613
061,23,007,00000,37025,00000,1,A,Kingfield town,Maine,997,997,995,995,991,987,975,970,971,964,966
061,23,007,00000,49345,00000,1,A,New Sharon town,Maine,1407,1407,1408,1416,1417,1413,1407,1402,1398,1395,1392
061,23,007,00000,49520,00000,1,A,New Vineyard town,Maine,757,761,759,772,777,779,777,777,780,777,776
061,23,007,00000,51400,00000,1,S,North Franklin UT,Maine,61,61,61,61,61,60,60,59,59,58,58
061,23,007,00000,58445,00000,1,A,Phillips town,Maine,1028,1028,1029,1030,1031,1030,1024,1016,1013,1012,1008
061,23,007,00000,61840,00000,1,A,Rangeley town,Maine,1168,1171,1170,1174,1173,1173,1162,1153,1153,1146,1146
061,23,007,00000,61875,00000,1,A,Rangeley plantation,Maine,189,189,189,188,187,186,184,182,182,181,181
061,23,007,00000,65655,00000,1,A,Sandy River plantation,Maine,133,133,133,133,132,131,130,129,128,127,127
061,23,007,00000,70760,00000,1,S,South Franklin UT,Maine,69,69,69,69,68,68,67,66,66,66,65
061,23,007,00000,74825,00000,1,A,Strong town,Maine,1213,1213,1210,1207,1201,1194,1182,1169,1166,1158,1156
061,23,007,00000,75980,00000,1,A,Temple town,Maine,528,528,528,535,535,532,526,519,518,513,515
061,23,007,00000,81300,00000,1,A,Weld town,Maine,419,419,418,420,420,419,416,415,416,414,414
061,23,007,00000,82235,00000,1,S,West Central Franklin UT,Maine,0,0,0,0,0,0,0,0,0,0,0
061,23,007,00000,85850,00000,1,A,Wilton town,Maine,4116,4116,4109,4107,4094,4081,4031,3987,3983,3949,3944
061,23,007,00000,87680,00000,1,S,Wyman UT,Maine,88,88,88,87,87,87,86,85,85,84,84
050,23,009,00000,00000,00000,0,A,Hancock County,Maine,54418,54408,54348,54519,54477,54574,54502,54245,54550,54597,54811
157,23,009,23200,00000,00000,0,A,Ellsworth city,Maine,7741,7741,7736,7769,7817,7897,7887,7904,7954,8015,8048
157,23,009,99990,00000,00000,0,F,Balance of Hancock County,Maine,46677,46667,46612,46750,46660,46677,46615,46341,46596,46582,46763
061,23,009,00000,01185,00000,1,A,Amherst town,Maine,265,265,264,264,263,263,261,259,259,258,258
061,23,009,00000,02165,00000,1,A,Aurora town,Maine,114,114,114,114,113,113,113,112,112,112,112
061,23,009,00000,02865,00000,1,A,Bar Harbor town,Maine,5235,5234,5228,5251,5257,5318,5326,5321,5456,5495,5535
061,23,009,00000,05700,00000,1,A,Blue Hill town,Maine,2686,2686,2680,2681,2668,2675,2663,2651,2676,2660,2662
061,23,009,00000,07800,00000,1,A,Brooklin town,Maine,824,824,822,823,819,821,818,814,813,811,812
061,23,009,00000,07975,00000,1,A,Brooksville town,Maine,934,934,932,932,928,930,926,921,920,917,918
061,23,009,00000,08815,00000,1,A,Bucksport town,Maine,4924,4915,4910,4924,4917,4939,4928,4914,4914,4909,4924
061,23,009,00000,11265,00000,1,A,Castine town,Maine,1366,1366,1365,1365,1362,1192,1188,1016,1013,1011,1012
061,23,009,00000,11800,00000,1,S,Central Hancock UT,Maine,117,117,117,117,116,116,116,115,115,115,114
061,23,009,00000,14905,00000,1,A,Cranberry Isles town,Maine,141,141,141,141,140,141,140,139,139,138,138
061,23,009,00000,16935,00000,1,A,Dedham town,Maine,1681,1681,1677,1684,1684,1689,1687,1681,1681,1678,1678
061,23,009,00000,17145,00000,1,A,Deer Isle town,Maine,1975,1975,1973,1985,1974,1971,1961,1948,1939,1909,1915
061,23,009,00000,19770,00000,1,A,Eastbrook town,Maine,423,423,422,423,422,423,422,420,420,418,417
061,23,009,00000,20405,00000,1,S,East Hancock UT,Maine,94,92,92,92,91,92,91,91,91,91,91
061,23,009,00000,23200,00000,0,F,Ellsworth city,Maine,7741,7741,7736,7769,7817,7897,7887,7904,7954,8015,8048
071,23,009,23200,23200,00000,1,A,Ellsworth city,Maine,7741,7741,7736,7769,7817,7897,7887,7904,7954,8015,8048
061,23,009,00000,26350,00000,1,A,Franklin town,Maine,1483,1483,1481,1489,1486,1490,1496,1503,1536,1542,1547
061,23,009,00000,26595,00000,1,A,Frenchboro town,Maine,61,61,61,61,61,61,60,60,60,59,59
061,23,009,00000,28450,00000,1,A,Gouldsboro town,Maine,1737,1739,1738,1736,1735,1745,1743,1742,1752,1746,1744
061,23,009,00000,28975,00000,1,A,Great Pond town,Maine,58,58,58,58,58,58,57,56,56,56,56
061,23,009,00000,30970,00000,1,A,Hancock town,Maine,2394,2393,2388,2394,2388,2404,2402,2392,2415,2414,2415
061,23,009,00000,38180,00000,1,A,Lamoine town,Maine,1602,1601,1602,1617,1622,1635,1639,1646,1656,1662,1686
061,23,009,00000,43430,00000,1,A,Mariaville town,Maine,513,513,514,516,516,520,521,523,526,528,533
061,23,009,00000,43578,00000,1,S,Marshall Island UT,Maine,A,0,0,0,0,0,0,0,0,0,0
061,23,009,00000,47630,00000,1,A,Mount Desert town,Maine,2053,2056,2053,2061,2058,2067,2069,2071,2080,2085,2101
061,23,009,00000,53620,00000,1,S,Northwest Hancock UT,Maine,2,2,2,2,2,2,2,2,2,2,2
061,23,009,00000,55505,00000,1,A,Orland town,Maine,2225,2225,2220,2220,2210,2216,2207,2196,2190,2184,2187
061,23,009,00000,55855,00000,1,A,Osborn town,Maine,67,67,67,67,66,67,66,66,66,66,66
061,23,009,00000,55890,00000,1,A,Otis town,Maine,672,670,669,669,666,667,665,661,660,658,659
061,23,009,00000,57920,00000,1,A,Penobscot town,Maine,1263,1263,1262,1264,1260,1225,1220,1212,1211,1208,1211
061,23,009,00000,67300,00000,1,A,Sedgwick town,Maine,1196,1196,1194,1194,1188,1191,1185,1180,1178,1175,1176
061,23,009,00000,69750,00000,1,A,Sorrento town,Maine,274,274,273,273,272,272,272,271,270,269,269
061,23,009,00000,72865,00000,1,A,Southwest Harbor town,Maine,1764,1769,1768,1770,1767,1775,1774,1775,1780,1784,1792
061,23,009,00000,74580,00000,1,A,Stonington town,Maine,1043,1043,1042,1044,1039,1043,1040,1033,1032,1033,1037
061,23,009,00000,74965,00000,1,A,Sullivan town,Maine,1236,1236,1236,1240,1234,1240,1239,1245,1248,1249,1256
061,23,009,00000,75280,00000,1,A,Surry town,Maine,1466,1466,1466,1470,1464,1472,1469,1461,1473,1481,1498
061,23,009,00000,75455,00000,1,A,Swans Island town,Maine,332,330,329,329,328,329,327,325,325,324,324
061,23,009,00000,77345,00000,1,A,Tremont town,Maine,1563,1563,1562,1576,1582,1592,1593,1595,1597,1594,1597
061,23,009,00000,77415,00000,1,A,Trenton town,Maine,1481,1483,1484,1497,1502,1516,1523,1525,1534,1539,1552
061,23,009,00000,78925,00000,1,A,Verona Island town,Maine,544,545,544,545,544,546,547,546,548,550,555
061,23,009,00000,80040,00000,1,A,Waltham town,Maine,353,353,352,352,349,349,348,344,343,342,342
061,23,009,00000,86655,00000,1,A,Winter Harbor town,Maine,516,511,510,510,509,512,511,509,510,510,513
050,23,011,00000,00000,00000,0,A,Kennebec County,Maine,122151,122154,122076,121776,121583,121140,121236,121005,121470,121929,122083
157,23,011,02100,00000,00000,0,A,Augusta city,Maine,19136,19138,19108,18998,18925,18779,18738,18520,18587,18651,18681
157,23,011,27085,00000,00000,0,A,Gardiner city,Maine,5800,5790,5782,5755,5732,5691,5679,5655,5668,5671,5660
157,23,011,30550,00000,00000,0,A,Hallowell city,Maine,2381,2375,2373,2365,2356,2346,2344,2336,2349,2363,2371
157,23,011,80740,00000,00000,0,A,Waterville city,Maine,15722,15723,15724,15749,15824,15974,16214,16460,16619,16685,16646
157,23,011,99990,00000,00000,0,F,Balance of Kennebec County,Maine,79112,79128,79089,78909,78746,78350,78261,78034,78247,78559,78725
061,23,011,00000,00590,00000,1,A,Albion town,Maine,2041,2041,2042,2046,2049,2048,2053,2054,2067,2080,2087
061,23,011,00000,02100,00000,0,F,Augusta city,Maine,19136,19138,19108,18998,18925,18779,18738,18520,18587,18651,18681
071,23,011,02100,02100,00000,1,A,Augusta city,Maine,19136,19138,19108,18998,18925,18779,18738,18520,18587,18651,18681
061,23,011,00000,04020,00000,1,A,Belgrade town,Maine,3189,3189,3188,3178,3166,3153,3150,3138,3145,3154,3143
061,23,011,00000,04475,00000,1,A,Benton town,Maine,2732,2731,2729,2711,2706,2697,2684,2678,2697,2703,2714
061,23,011,00000,12350,00000,1,A,Chelsea town,Maine,2721,2721,2719,2711,2731,2716,2723,2704,2691,2693,2752
061,23,011,00000,12735,00000,1,A,China town,Maine,4328,4317,4313,4301,4278,4278,4259,4242,4249,4260,4276
061,23,011,00000,13470,00000,1,A,Clinton town,Maine,3486,3486,3480,3452,3428,3398,3381,3358,3357,3357,3345
061,23,011,00000,24670,00000,1,A,Farmingdale town,Maine,2956,2968,2967,2965,2948,2931,2925,2912,2916,2921,2917
061,23,011,00000,24950,00000,1,A,Fayette town,Maine,1140,1140,1141,1137,1136,1130,1134,1134,1146,1155,1163
061,23,011,00000,27085,00000,0,F,Gardiner city,Maine,5800,5790,5782,5755,5732,5691,5679,5655,5668,5671,5660
071,23,011,27085,27085,00000,1,A,Gardiner city,Maine,5800,5790,5782,5755,5732,5691,5679,5655,5668,5671,5660
061,23,011,00000,30550,00000,0,F,Hallowell city,Maine,2381,2375,2373,2365,2356,2346,2344,2336,2349,2363,2371
071,23,011,30550,30550,00000,1,A,Hallowell city,Maine,2381,2375,2373,2365,2356,2346,2344,2336,2349,2363,2371
061,23,011,00000,40175,00000,1,A,Litchfield town,Maine,3624,3623,3621,3620,3613,3597,3599,3593,3612,3632,3642
061,23,011,00000,43080,00000,1,A,Manchester town,Maine,2580,2570,2570,2573,2566,2551,2545,2540,2546,2556,2561
061,23,011,00000,46405,00000,1,A,Monmouth town,Maine,4104,4099,4110,4099,4096,4078,4077,4069,4078,4107,4129
061,23,011,00000,47770,00000,1,A,Mount Vernon town,Maine,1640,1640,1642,1641,1641,1633,1640,1652,1661,1674,1685
061,23,011,00000,54560,00000,1,A,Oakland town,Maine,6240,6245,6240,6244,6243,6228,6232,6208,6247,6293,6290
061,23,011,00000,59110,00000,1,A,Pittston town,Maine,2666,2672,2674,2680,2663,2638,2641,2636,2652,2665,2655
061,23,011,00000,61700,00000,1,A,Randolph town,Maine,1772,1772,1769,1761,1750,1735,1727,1716,1717,1719,1712
061,23,011,00000,62190,00000,1,A,Readfield town,Maine,2598,2594,2591,2575,2564,2551,2545,2542,2545,2556,2561
061,23,011,00000,63835,00000,1,A,Rome town,Maine,1010,1006,1005,1001,1002,997,994,995,999,1002,1003
061,23,011,00000,68385,00000,1,A,Sidney town,Maine,4208,4218,4215,4219,4242,4237,4268,4270,4303,4351,4389
061,23,011,00000,78190,00000,1,S,Unity UT,Maine,43,43,43,43,42,42,42,42,42,42,42
061,23,011,00000,78745,00000,1,A,Vassalboro town,Maine,4340,4344,4345,4358,4363,4326,4313,4292,4309,4346,4363
061,23,011,00000,79025,00000,1,A,Vienna town,Maine,570,570,572,575,577,580,576,573,574,574,574
061,23,011,00000,80740,00000,0,F,Waterville city,Maine,15722,15723,15724,15749,15824,15974,16214,16460,16619,16685,16646
071,23,011,80740,80740,00000,1,A,Waterville city,Maine,15722,15723,15724,15749,15824,15974,16214,16460,16619,16685,16646
061,23,011,00000,80880,00000,1,A,Wayne town,Maine,1189,1189,1188,1179,1172,1166,1164,1158,1160,1159,1154
061,23,011,00000,82945,00000,1,A,West Gardiner town,Maine,3474,3481,3475,3452,3435,3407,3394,3376,3375,3377,3369
061,23,011,00000,86165,00000,1,A,Windsor town,Maine,2575,2575,2575,2576,2576,2574,2573,2566,2570,2575,2589
061,23,011,00000,86515,00000,1,A,Winslow town,Maine,7794,7801,7787,7746,7709,7655,7634,7610,7611,7617,7619
061,23,011,00000,86970,00000,1,A,Winthrop town,Maine,6092,6093,6088,6066,6050,6004,5988,5976,5978,5991,5991
050,23,013,00000,00000,00000,0,A,Knox County,Maine,39736,39736,39731,39669,39610,39691,39894,39794,39788,39869,39771
157,23,013,63590,00000,00000,0,A,Rockland city,Maine,7297,7297,7291,7262,7219,7243,7270,7206,7193,7171,7146
157,23,013,99990,00000,00000,0,F,Balance of Knox County,Maine,32439,32439,32440,32407,32391,32448,32624,32588,32595,32698,32625
061,23,013,00000,01465,00000,1,A,Appleton town,Maine,1316,1316,1317,1317,1317,1326,1337,1348,1341,1354,1367
061,23,013,00000,09725,00000,1,A,Camden town,Maine,4850,4845,4843,4844,4836,4825,4846,4830,4853,4846,4825
061,23,013,00000,15125,00000,1,S,Criehaven UT,Maine,1,1,1,1,1,1,1,1,1,1,1
061,23,013,00000,15780,00000,1,A,Cushing town,Maine,1534,1534,1532,1528,1518,1512,1517,1509,1503,1502,1494
061,23,013,00000,26805,00000,1,A,Friendship town,Maine,1152,1152,1151,1149,1145,1145,1148,1144,1140,1143,1141
061,23,013,00000,33840,00000,1,A,Hope town,Maine,1536,1538,1538,1539,1603,1653,1665,1669,1669,1679,1683
061,23,013,00000,35135,00000,1,A,Isle au Haut town,Maine,73,73,73,73,72,72,72,72,71,72,71
061,23,013,00000,44165,00000,1,A,Matinicus Isle plantation,Maine,74,74,74,74,73,73,73,73,73,73,72
061,23,013,00000,47962,00000,1,S,Muscle Ridge Islands UT,Maine,6,6,6,6,6,6,6,6,6,6,6
061,23,013,00000,51620,00000,1,A,North Haven town,Maine,355,355,355,353,351,350,352,353,354,355,357
061,23,013,00000,56135,00000,1,A,Owls Head town,Maine,1580,1578,1579,1579,1576,1577,1595,1602,1599,1607,1607
061,23,013,00000,63590,00000,0,F,Rockland city,Maine,7297,7297,7291,7262,7219,7243,7270,7206,7193,7171,7146
071,23,013,63590,63590,00000,1,A,Rockland city,Maine,7297,7297,7291,7262,7219,7243,7270,7206,7193,7171,7146
061,23,013,00000,63660,00000,1,A,Rockport town,Maine,3330,3333,3333,3326,3315,3336,3381,3383,3378,3387,3373
061,23,013,00000,65130,00000,1,A,St. George town,Maine,2591,2588,2588,2593,2586,2587,2597,2592,2588,2598,2584
061,23,013,00000,72585,00000,1,A,South Thomaston town,Maine,1558,1563,1565,1574,1576,1591,1607,1611,1615,1622,1622
061,23,013,00000,76365,00000,1,A,Thomaston town,Maine,2781,2781,2780,2775,2773,2771,2785,2780,2775,2779,2768
061,23,013,00000,78115,00000,1,A,Union town,Maine,2259,2259,2259,2255,2246,2240,2244,2236,2261,2270,2263
061,23,013,00000,79130,00000,1,A,Vinalhaven town,Maine,1165,1165,1166,1160,1151,1146,1148,1148,1145,1143,1135
061,23,013,00000,80215,00000,1,A,Warren town,Maine,4751,4751,4753,4733,4720,4715,4722,4706,4703,4742,4744
061,23,013,00000,80425,00000,1,A,Washington town,Maine,1527,1527,1527,1528,1526,1522,1528,1525,1520,1519,1512
050,23,015,00000,00000,00000,0,A,Lincoln County,Maine,34457,34450,34389,34270,34156,34090,34048,33784,33973,34190,34342
061,23,015,00000,01010,00000,1,A,Alna town,Maine,709,709,709,707,709,710,714,715,719,725,728
061,23,015,00000,06050,00000,1,A,Boothbay town,Maine,3120,3122,3115,3107,3110,3106,3097,3071,3095,3111,3130
061,23,015,00000,06120,00000,1,A,Boothbay Harbor town,Maine,2165,2163,2159,2151,2145,2143,2169,2156,2171,2185,2199
061,23,015,00000,06855,00000,1,A,Bremen town,Maine,806,806,805,801,801,797,794,787,792,798,800
061,23,015,00000,07485,00000,1,A,Bristol town,Maine,2755,2755,2751,2740,2732,2734,2730,2713,2728,2753,2771
061,23,015,00000,16235,00000,1,A,Damariscotta town,Maine,2218,2218,2212,2201,2190,2171,2161,2134,2136,2155,2158
061,23,015,00000,18475,00000,1,A,Dresden town,Maine,1672,1672,1667,1661,1666,1661,1656,1642,1651,1660,1665
061,23,015,00000,22675,00000,1,A,Edgecomb town,Maine,1249,1249,1251,1250,1246,1244,1239,1230,1239,1244,1253
061,23,015,00000,32715,00000,1,N,Hibberts gore,Maine,1,1,1,1,1,1,1,1,1,1,1
061,23,015,00000,35695,00000,1,A,Jefferson town,Maine,2427,2425,2420,2411,2398,2393,2390,2377,2389,2406,2424
061,23,015,00000,41280,00000,1,S,Louds Island UT,Maine,0,0,0,0,0,0,0,0,0,0,0
061,23,015,00000,46335,00000,1,A,Monhegan plantation,Maine,69,69,69,68,68,68,67,67,67,68,68
061,23,015,00000,48645,00000,1,A,Newcastle town,Maine,1752,1752,1749,1747,1737,1733,1736,1718,1734,1745,1753
061,23,015,00000,49660,00000,1,A,Nobleboro town,Maine,1643,1643,1642,1634,1625,1621,1620,1606,1619,1630,1637
061,23,015,00000,69645,00000,1,A,Somerville town,Maine,548,548,548,552,552,555,558,552,555,559,561
061,23,015,00000,70240,00000,1,A,South Bristol town,Maine,892,894,892,887,882,878,874,866,869,872,874
061,23,015,00000,71955,00000,1,A,Southport town,Maine,606,606,606,603,600,597,594,588,592,595,597
061,23,015,00000,79550,00000,1,A,Waldoboro town,Maine,5075,5075,5065,5049,5028,5020,5008,4962,4990,5018,5044
061,23,015,00000,84140,00000,1,A,Westport Island town,Maine,718,717,716,717,716,716,716,710,715,721,724
061,23,015,00000,85010,00000,1,A,Whitefield town,Maine,2300,2294,2288,2274,2259,2263,2248,2243,2245,2251,2255
061,23,015,00000,87075,00000,1,A,Wiscasset town,Maine,3732,3732,3724,3709,3691,3679,3676,3646,3666,3693,3700
050,23,017,00000,00000,00000,0,A,Oxford County,Maine,57833,57830,57779,57756,57469,57344,57271,57110,57198,57430,57618
061,23,017,00000,01325,00000,1,A,Andover town,Maine,821,823,823,827,821,815,812,807,813,821,826
061,23,017,00000,04825,00000,1,A,Bethel town,Maine,2607,2600,2599,2610,2604,2608,2631,2640,2660,2690,2717
061,23,017,00000,08150,00000,1,A,Brownfield town,Maine,1597,1596,1596,1603,1596,1601,1605,1600,1608,1623,1634
061,23,017,00000,08710,00000,1,A,Buckfield town,Maine,2009,2009,2010,2008,2000,2000,2004,2001,2006,2028,2029
061,23,017,00000,09550,00000,1,A,Byron town,Maine,145,145,145,144,143,142,142,141,140,143,146
061,23,017,00000,10005,00000,1,A,Canton town,Maine,990,988,986,983,980,934,934,936,989,991,998
061,23,017,00000,17250,00000,1,A,Denmark town,Maine,1148,1148,1147,1149,1144,1141,1140,1137,1136,1144,1146
061,23,017,00000,17740,00000,1,A,Dixfield town,Maine,2550,2550,2549,2539,2518,2504,2495,2479,2470,2478,2474
061,23,017,00000,26910,00000,1,A,Fryeburg town,Maine,3449,3448,3445,3438,3416,3410,3410,3403,3409,3398,3403
061,23,017,00000,27505,00000,1,A,Gilead town,Maine,209,212,212,211,209,208,207,206,205,206,206
061,23,017,00000,29710,00000,1,A,Greenwood town,Maine,830,830,828,827,821,816,813,809,806,810,809
061,23,017,00000,31110,00000,1,A,Hanover town,Maine,238,238,240,243,242,246,250,252,256,261,261
061,23,017,00000,31670,00000,1,A,Hartford town,Maine,1185,1184,1185,1189,1187,1189,1190,1191,1198,1202,1209
061,23,017,00000,32370,00000,1,A,Hebron town,Maine,1416,1416,1414,1406,1398,1388,1392,1393,1410,1413,1412
061,23,017,00000,33315,00000,1,A,Hiram town,Maine,1620,1620,1619,1622,1619,1621,1615,1608,1607,1621,1629
061,23,017,00000,39422,00000,1,A,Lincoln plantation,Maine,45,45,45,45,45,44,44,44,44,44,44
061,23,017,00000,41365,00000,1,A,Lovell town,Maine,1140,1135,1135,1137,1132,1130,1129,1126,1126,1131,1132
061,23,017,00000,42835,00000,1,A,Magalloway plantation,Maine,46,46,46,46,46,45,45,45,45,45,45
061,23,017,00000,45285,00000,1,A,Mexico town,Maine,2681,2680,2675,2668,2647,2632,2620,2611,2602,2613,2613
061,23,017,00000,46105,00000,1,S,Milton UT,Maine,143,143,143,142,141,140,140,139,140,141,141
061,23,017,00000,49275,00000,1,A,Newry town,Maine,329,329,329,331,332,335,339,344,345,349,349
061,23,017,00000,52575,00000,1,S,North Oxford UT,Maine,24,24,24,24,24,24,24,23,23,23,23
061,23,017,00000,54000,00000,1,A,Norway town,Maine,5014,5016,5010,5012,4979,4976,4963,4939,4944,4964,4982
061,23,017,00000,55960,00000,1,A,Otisfield town,Maine,1770,1770,1771,1769,1768,1762,1757,1756,1756,1776,1796
061,23,017,00000,56310,00000,1,A,Oxford town,Maine,4110,4110,4108,4104,4083,4068,4056,4040,4037,4063,4101
061,23,017,00000,56625,00000,1,A,Paris town,Maine,5183,5183,5178,5174,5154,5182,5167,5120,5130,5100,5119
061,23,017,00000,58270,00000,1,A,Peru town,Maine,1541,1543,1540,1542,1532,1529,1521,1515,1510,1514,1513
061,23,017,00000,60405,00000,1,A,Porter town,Maine,1498,1498,1495,1498,1496,1491,1489,1490,1487,1501,1510
061,23,017,00000,64185,00000,1,A,Roxbury town,Maine,369,370,371,370,367,364,363,361,359,360,360
061,23,017,00000,64290,00000,1,A,Rumford town,Maine,5841,5839,5828,5809,5767,5760,5735,5728,5711,5694,5687
061,23,017,00000,71755,00000,1,S,South Oxford UT,Maine,579,583,582,580,577,574,572,568,566,569,569
061,23,017,00000,74510,00000,1,A,Stoneham town,Maine,236,236,235,235,235,235,236,236,237,240,242
061,23,017,00000,74685,00000,1,A,Stow town,Maine,385,385,387,396,401,407,414,420,427,438,447
061,23,017,00000,75035,00000,1,A,Sumner town,Maine,939,939,937,934,927,922,919,913,910,913,913
061,23,017,00000,75595,00000,1,A,Sweden town,Maine,391,398,397,398,400,400,400,401,400,402,405
061,23,017,00000,78465,00000,1,A,Upton town,Maine,113,113,113,112,112,111,111,109,109,110,110
061,23,017,00000,80635,00000,1,A,Waterford town,Maine,1553,1549,1547,1548,1541,1541,1546,1549,1553,1571,1576
061,23,017,00000,83890,00000,1,A,West Paris town,Maine,1812,1811,1808,1802,1790,1778,1772,1764,1758,1761,1759
061,23,017,00000,87355,00000,1,A,Woodstock town,Maine,1277,1278,1277,1281,1275,1271,1269,1266,1266,1279,1283
050,23,019,00000,00000,00000,0,A,Penobscot County,Maine,153923,153932,153860,153749,153347,153235,153224,151949,151282,151190,151096
157,23,019,02795,00000,00000,0,A,Bangor city,Maine,33039,33024,33017,32940,32746,32635,32556,32133,31880,31965,31997
157,23,019,06925,00000,00000,0,A,Brewer city,Maine,9482,9485,9470,9442,9376,9309,9270,9166,9060,9098,9051
157,23,019,55225,00000,00000,0,A,Old Town city,Maine,7840,7846,7834,7809,7751,7705,7680,7592,7505,7493,7459
157,23,019,99990,00000,00000,0,F,Balance of Penobscot County,Maine,103562,103577,103539,103558,103474,103586,103718,103058,102837,102634,102589
061,23,019,00000,01115,00000,1,A,Alton town,Maine,890,890,891,888,881,878,875,868,861,862,858
061,23,019,00000,01500,00000,1,S,Argyle UT,Maine,277,277,277,276,274,272,271,268,267,267,265
061,23,019,00000,02795,00000,0,F,Bangor city,Maine,33039,33024,33017,32940,32746,32635,32556,32133,31880,31965,31997
071,23,019,02795,02795,00000,1,A,Bangor city,Maine,33039,33024,33017,32940,32746,32635,32556,32133,31880,31965,31997
061,23,019,00000,06575,00000,1,A,Bradford town,Maine,1290,1284,1282,1279,1270,1263,1256,1243,1229,1226,1220
061,23,019,00000,06680,00000,1,A,Bradley town,Maine,1492,1491,1491,1489,1487,1476,1477,1468,1459,1471,1478
061,23,019,00000,06925,00000,0,F,Brewer city,Maine,9482,9485,9470,9442,9376,9309,9270,9166,9060,9098,9051
071,23,019,06925,06925,00000,1,A,Brewer city,Maine,9482,9485,9470,9442,9376,9309,9270,9166,9060,9098,9051
061,23,019,00000,09200,00000,1,A,Burlington town,Maine,363,365,368,381,388,397,406,416,423,436,446
061,23,019,00000,10670,00000,1,A,Carmel town,Maine,2794,2796,2794,2800,2794,2787,2794,2778,2780,2807,2823
061,23,019,00000,10810,00000,1,A,Carroll plantation,Maine,153,153,153,152,151,150,150,148,146,146,146
061,23,019,00000,12105,00000,1,A,Charleston town,Maine,1409,1415,1413,1406,1400,1528,1522,1510,1641,1299,1295
061,23,019,00000,12525,00000,1,A,Chester town,Maine,546,546,545,543,539,536,534,529,523,522,522
061,23,019,00000,13365,00000,1,A,Clifton town,Maine,921,921,923,930,923,918,915,905,900,905,901
061,23,019,00000,14310,00000,1,A,Corinna town,Maine,2198,2203,2199,2193,2190,2185,2184,2168,2145,2144,2140
061,23,019,00000,14380,00000,1,A,Corinth town,Maine,2878,2877,2875,2867,2865,2864,2859,2835,2809,2815,2812
061,23,019,00000,17530,00000,1,A,Dexter town,Maine,3895,3886,3880,3868,3839,3811,3795,3755,3710,3711,3694
061,23,019,00000,17950,00000,1,A,Dixmont town,Maine,1181,1181,1179,1177,1171,1162,1156,1141,1128,1127,1120
061,23,019,00000,18580,00000,1,A,Drew plantation,Maine,46,40,40,40,40,39,39,39,38,38,38
061,23,019,00000,19868,00000,1,S,East Central Penobscot UT,Maine,343,343,342,341,339,337,336,332,328,328,326
061,23,019,00000,21030,00000,1,A,East Millinocket town,Maine,1723,1720,1717,1709,1697,1685,1678,1660,1639,1639,1630
061,23,019,00000,22535,00000,1,A,Eddington town,Maine,2225,2219,2220,2222,2219,2220,2215,2206,2198,2199,2195
061,23,019,00000,22710,00000,1,A,Edinburg town,Maine,131,131,131,130,129,129,128,127,125,127,126
061,23,019,00000,23620,00000,1,A,Enfield town,Maine,1607,1609,1606,1602,1591,1582,1576,1559,1543,1543,1538
061,23,019,00000,23865,00000,1,A,Etna town,Maine,1246,1260,1258,1253,1244,1237,1235,1222,1210,1211,1208
061,23,019,00000,24110,00000,1,A,Exeter town,Maine,1092,1092,1092,1093,1089,1088,1084,1070,1066,1080,1088
061,23,019,00000,27190,00000,1,A,Garland town,Maine,1105,1110,1108,1104,1096,1088,1084,1073,1062,1061,1058
061,23,019,00000,27645,00000,1,A,Glenburn town,Maine,4594,4603,4603,4608,4593,4620,4622,4578,4538,4554,4549
061,23,019,00000,29185,00000,1,A,Greenbush town,Maine,1491,1491,1493,1502,1497,1498,1501,1497,1488,1498,1503
061,23,019,00000,30795,00000,1,A,Hampden town,Maine,7257,7257,7255,7267,7245,7253,7355,7331,7299,7329,7341
061,23,019,00000,32510,00000,1,A,Hermon town,Maine,5416,5417,5435,5503,5585,5688,5748,5775,5849,5926,5981
061,23,019,00000,33490,00000,1,A,Holden town,Maine,3076,3085,3084,3096,3090,3086,3098,3079,3068,3077,3081
061,23,019,00000,34190,00000,1,A,Howland town,Maine,1241,1243,1241,1239,1228,1220,1214,1201,1187,1212,1207
061,23,019,00000,34365,00000,1,A,Hudson town,Maine,1536,1531,1529,1525,1522,1521,1519,1509,1494,1512,1509
061,23,019,00000,36325,00000,1,A,Kenduskeag town,Maine,1348,1358,1356,1353,1346,1342,1349,1347,1336,1348,1361
061,23,019,00000,37075,00000,1,S,Kingman UT,Maine,174,180,180,179,178,175,175,173,171,171,170
061,23,019,00000,37760,00000,1,A,Lagrange town,Maine,708,708,707,704,699,695,693,687,679,679,677
061,23,019,00000,38005,00000,1,A,Lakeville town,Maine,105,105,105,105,104,103,103,102,101,101,101
061,23,019,00000,38530,00000,1,A,Lee town,Maine,922,922,921,918,910,907,903,894,881,880,876
061,23,019,00000,38705,00000,1,A,Levant town,Maine,2851,2857,2857,2877,2893,2925,2956,2954,2944,2958,2968
061,23,019,00000,39475,00000,1,A,Lincoln town,Maine,5085,5083,5086,5107,5078,5042,5031,4987,4941,4932,4908
061,23,019,00000,41435,00000,1,A,Lowell town,Maine,358,356,357,357,357,358,358,358,357,359,359
061,23,019,00000,44270,00000,1,A,Mattawamkeag town,Maine,687,683,682,679,673,669,668,663,655,655,652
061,23,019,00000,44340,00000,1,A,Maxfield town,Maine,97,95,96,101,100,100,99,98,97,97,98
061,23,019,00000,45005,00000,1,A,Medway town,Maine,1349,1352,1352,1347,1333,1325,1329,1325,1310,1308,1306
061,23,019,00000,45670,00000,1,A,Milford town,Maine,3070,3072,3069,3069,3049,3036,3036,3002,2967,2965,2956
061,23,019,00000,45810,00000,1,A,Millinocket town,Maine,4506,4506,4499,4479,4444,4415,4397,4349,4297,4290,4269
061,23,019,00000,47560,00000,1,A,Mount Chase town,Maine,201,201,201,200,199,198,197,195,194,193,193
061,23,019,00000,48505,00000,1,A,Newburgh town,Maine,1551,1551,1551,1548,1539,1534,1527,1513,1500,1499,1492
061,23,019,00000,49065,00000,1,A,Newport town,Maine,3275,3281,3279,3273,3253,3243,3247,3223,3229,3276,3270
061,23,019,00000,52710,00000,1,S,North Penobscot UT,Maine,463,461,460,459,456,453,452,448,443,442,441
061,23,019,00000,55225,00000,0,F,Old Town city,Maine,7840,7846,7834,7809,7751,7705,7680,7592,7505,7493,7459
071,23,019,55225,55225,00000,1,A,Old Town city,Maine,7840,7846,7834,7809,7751,7705,7680,7592,7505,7493,7459
061,23,019,00000,55565,00000,1,A,Orono town,Maine,10362,10359,10349,10328,10559,10673,10709,10670,10895,10702,10679
061,23,019,00000,55680,00000,1,A,Orrington town,Maine,3733,3730,3731,3722,3702,3695,3692,3665,3650,3664,3672
061,23,019,00000,57045,00000,1,A,Passadumkeag town,Maine,374,374,373,372,369,367,364,362,358,358,356
061,23,019,00000,57150,00000,1,A,Patten town,Maine,1017,1017,1017,1012,1003,996,1001,991,981,985,988
061,23,019,00000,57936,00000,1,F,Penobscot Indian Island Reservation,Maine,A,610,609,607,603,599,599,593,586,586,585
061,23,019,00000,59950,00000,1,A,Plymouth town,Maine,1380,1359,1359,1354,1351,1348,1341,1335,1324,1325,1334
061,23,019,00000,60790,00000,1,S,Prentiss UT,Maine,214,214,214,213,211,210,209,208,206,206,205
061,23,019,00000,67160,00000,1,A,Seboeis plantation,Maine,35,35,35,35,35,34,35,34,34,34,34
061,23,019,00000,73250,00000,1,A,Springfield town,Maine,409,409,410,414,415,416,419,419,418,420,423
061,23,019,00000,73600,00000,1,A,Stacyville town,Maine,396,395,394,395,392,388,387,389,385,386,384
061,23,019,00000,74055,00000,1,A,Stetson town,Maine,1202,1200,1202,1211,1214,1205,1203,1194,1184,1183,1183
061,23,019,00000,78015,00000,1,S,Twombly Ridge UT,Maine,0,0,0,0,0,0,0,0,0,0,0
061,23,019,00000,78780,00000,1,A,Veazie town,Maine,1919,1919,1916,1909,1893,1882,1876,1854,1833,1831,1825
061,23,019,00000,81055,00000,1,A,Webster plantation,Maine,85,85,85,85,84,84,83,82,81,81,81
061,23,019,00000,85230,00000,1,S,Whitney UT,Maine,5,5,5,5,5,5,5,5,5,5,5
061,23,019,00000,86305,00000,1,A,Winn town,Maine,407,411,410,409,404,402,406,409,405,406,404
061,23,019,00000,87390,00000,1,A,Woodville town,Maine,248,248,248,249,247,244,243,240,237,237,236
050,23,021,00000,00000,00000,0,A,Piscataquis County,Maine,17535,17535,17550,17360,17263,17171,17033,16924,16876,16801,16800
061,23,021,00000,00100,00000,1,A,Abbot town,Maine,714,714,714,706,701,697,692,684,680,678,677
061,23,021,00000,01920,00000,1,A,Atkinson town,Maine,326,326,326,322,320,317,315,313,311,309,309
061,23,021,00000,03740,00000,1,A,Beaver Cove town,Maine,122,122,122,121,120,120,118,117,117,116,116
061,23,021,00000,05560,00000,1,S,Blanchard UT,Maine,98,98,98,97,96,96,95,94,93,93,93
061,23,021,00000,06400,00000,1,A,Bowerbank town,Maine,116,116,117,116,115,115,114,114,113,113,113
061,23,021,00000,08325,00000,1,A,Brownville town,Maine,1250,1246,1247,1230,1229,1221,1211,1205,1197,1189,1187
061,23,021,00000,18195,00000,1,A,Dover-Foxcroft town,Maine,4213,4211,4216,4166,4139,4119,4092,4064,4071,4057,4053
061,23,021,00000,29535,00000,1,A,Greenville town,Maine,1646,1646,1648,1634,1629,1624,1612,1603,1600,1594,1601
061,23,021,00000,30095,00000,1,A,Guilford town,Maine,1521,1521,1522,1506,1495,1486,1472,1462,1454,1446,1447
061,23,021,00000,37095,00000,1,A,Kingsbury plantation,Maine,28,28,28,28,28,27,27,27,27,27,27
061,23,021,00000,37970,00000,1,A,Lake View plantation,Maine,89,89,89,88,88,87,86,86,85,85,85
061,23,021,00000,44830,00000,1,A,Medford town,Maine,254,254,254,251,249,248,246,244,242,241,242
061,23,021,00000,46020,00000,1,A,Milo town,Maine,2340,2340,2343,2325,2316,2306,2291,2288,2284,2280,2278
061,23,021,00000,46580,00000,1,A,Monson town,Maine,686,686,686,680,677,675,669,663,660,655,654
061,23,021,00000,51105,00000,1,S,Northeast Piscataquis UT,Maine,273,277,277,274,273,271,269,267,265,264,264
061,23,021,00000,53628,00000,1,S,Northwest Piscataquis UT,Maine,147,149,149,147,147,146,144,143,143,142,142
061,23,021,00000,56765,00000,1,A,Parkman town,Maine,843,843,844,834,828,823,815,808,804,800,800
061,23,021,00000,65865,00000,1,A,Sangerville town,Maine,1343,1343,1344,1327,1316,1306,1293,1282,1277,1269,1269
061,23,021,00000,66950,00000,1,A,Sebec town,Maine,630,630,630,622,616,612,605,600,597,593,593
061,23,021,00000,68140,00000,1,A,Shirley town,Maine,233,233,233,231,231,229,227,226,225,223,224
061,23,021,00000,70655,00000,1,S,Southeast Piscataquis UT,Maine,253,253,253,250,248,247,245,243,241,240,240
061,23,021,00000,81405,00000,1,A,Wellington town,Maine,260,260,260,257,255,253,250,248,247,245,245
061,23,021,00000,85710,00000,1,A,Willimantic town,Maine,150,150,150,148,147,146,145,143,143,142,141
050,23,023,00000,00000,00000,0,A,Sagadahoc County,Maine,35293,35288,35230,35118,35115,35021,35075,35115,35140,35423,35634
157,23,023,03355,00000,00000,0,A,Bath city,Maine,8514,8514,8490,8427,8402,8357,8337,8313,8282,8321,8329
157,23,023,99990,00000,00000,0,F,Balance of Sagadahoc County,Maine,26779,26774,26740,26691,26713,26664,26738,26802,26858,27102,27305
061,23,023,00000,01570,00000,1,A,Arrowsic town,Maine,427,427,428,431,435,436,438,442,445,451,456
061,23,023,00000,03355,00000,0,F,Bath city,Maine,8514,8514,8490,8427,8402,8357,8337,8313,8282,8321,8329
071,23,023,03355,03355,00000,1,A,Bath city,Maine,8514,8514,8490,8427,8402,8357,8337,8313,8282,8321,8329
061,23,023,00000,06260,00000,1,A,Bowdoin town,Maine,3061,3053,3054,3068,3083,3074,3093,3103,3120,3161,3199
061,23,023,00000,06365,00000,1,A,Bowdoinham town,Maine,2889,2889,2885,2882,2886,2877,2898,2915,2925,2974,3012
061,23,023,00000,27295,00000,1,A,Georgetown town,Maine,1042,1042,1040,1035,1033,1029,1034,1040,1044,1054,1061
061,23,023,00000,58070,00000,1,S,Perkins UT,Maine,0,0,0,0,0,0,0,0,0,0,0
061,23,023,00000,58515,00000,1,A,Phippsburg town,Maine,2216,2216,2215,2213,2219,2221,2224,2227,2230,2245,2254
061,23,023,00000,62645,00000,1,A,Richmond town,Maine,3411,3411,3407,3393,3388,3383,3386,3394,3399,3419,3436
061,23,023,00000,76960,00000,1,A,Topsham town,Maine,8784,8787,8766,8723,8717,8693,8713,8729,8742,8803,8852
061,23,023,00000,81930,00000,1,A,West Bath town,Maine,1877,1877,1878,1883,1885,1883,1886,1888,1889,1900,1910
061,23,023,00000,87460,00000,1,A,Woolwich town,Maine,3072,3072,3067,3063,3067,3068,3066,3064,3064,3095,3125
050,23,025,00000,00000,00000,0,A,Somerset County,Maine,52228,52226,52219,51927,51806,51701,51241,50733,50564,50421,50592
061,23,025,00000,01395,00000,1,A,Anson town,Maine,2511,2511,2509,2491,2481,2472,2448,2421,2404,2386,2392
061,23,025,00000,01885,00000,1,A,Athens town,Maine,1019,1019,1018,1011,1008,1005,993,986,980,978,979
061,23,025,00000,05000,00000,1,A,Bingham town,Maine,922,916,915,907,904,916,906,907,905,901,902
061,23,025,00000,07380,00000,1,A,Brighton plantation,Maine,70,70,70,69,69,69,68,67,67,67,68
061,23,025,00000,09655,00000,1,A,Cambridge town,Maine,462,462,462,462,460,459,452,451,448,448,450
061,23,025,00000,09935,00000,1,A,Canaan town,Maine,2275,2275,2273,2257,2249,2240,2217,2192,2182,2174,2180
061,23,025,00000,10495,00000,1,A,Caratunk town,Maine,69,69,69,68,68,68,67,66,66,66,66
061,23,025,00000,11820,00000,1,S,Central Somerset UT,Maine,338,338,338,335,334,333,331,327,325,324,325
061,23,025,00000,14555,00000,1,A,Cornville town,Maine,1314,1307,1308,1305,1305,1315,1320,1322,1333,1345,1366
061,23,025,00000,17285,00000,1,A,Dennistown plantation,Maine,33,33,33,33,33,33,32,32,32,32,32
061,23,025,00000,17460,00000,1,A,Detroit town,Maine,852,852,851,845,847,842,831,826,824,822,825
061,23,025,00000,23410,00000,1,A,Embden town,Maine,939,936,937,940,945,947,941,934,934,932,940
061,23,025,00000,24320,00000,1,A,Fairfield town,Maine,6735,6735,6735,6704,6694,6694,6640,6580,6561,6539,6556
061,23,025,00000,31355,00000,1,A,Harmony town,Maine,939,939,938,932,928,925,917,907,902,900,902
061,23,025,00000,31740,00000,1,A,Hartland town,Maine,1782,1782,1781,1770,1762,1762,1746,1732,1724,1716,1717
061,23,025,00000,32895,00000,1,A,Highland plantation,Maine,73,73,73,72,72,72,71,70,70,70,70
061,23,025,00000,35345,00000,1,A,Jackman town,Maine,862,865,864,859,857,851,842,832,825,821,823
061,23,025,00000,42660,00000,1,A,Madison town,Maine,4855,4849,4850,4816,4805,4795,4756,4704,4680,4652,4664
061,23,025,00000,45110,00000,1,A,Mercer town,Maine,664,665,665,660,657,655,649,641,638,635,637
061,23,025,00000,47140,00000,1,A,Moose River town,Maine,218,215,215,213,213,212,210,207,207,207,207
061,23,025,00000,47455,00000,1,A,Moscow town,Maine,512,516,520,520,519,518,514,509,506,505,504
061,23,025,00000,49205,00000,1,A,New Portland town,Maine,718,721,720,715,713,711,702,695,692,688,689
061,23,025,00000,49835,00000,1,A,Norridgewock town,Maine,3367,3382,3380,3357,3344,3333,3301,3268,3253,3242,3249
061,23,025,00000,51114,00000,1,S,Northeast Somerset UT,Maine,390,390,390,388,386,385,382,378,376,375,375
061,23,025,00000,53636,00000,1,S,Northwest Somerset UT,Maine,62,62,62,62,61,61,61,60,60,60,60
061,23,025,00000,56520,00000,1,A,Palmyra town,Maine,1986,1986,1987,1983,1978,1978,1964,1944,1946,1945,1957
061,23,025,00000,59005,00000,1,A,Pittsfield town,Maine,4215,4215,4214,4190,4185,4153,4110,4042,4024,4010,4022
061,23,025,00000,59705,00000,1,A,Pleasant Ridge plantation,Maine,93,93,93,92,92,92,91,90,89,89,89
061,23,025,00000,62995,00000,1,A,Ripley town,Maine,488,488,488,487,484,489,482,477,472,470,471
061,23,025,00000,64850,00000,1,A,St. Albans town,Maine,2005,2009,2008,1993,1987,1979,1962,1949,1952,1951,1962
061,23,025,00000,67238,00000,1,S,Seboomook Lake UT,Maine,48,47,47,47,47,46,46,45,45,45,45
061,23,025,00000,68910,00000,1,A,Skowhegan town,Maine,8589,8584,8580,8523,8496,8467,8386,8293,8260,8235,8254
061,23,025,00000,69155,00000,1,A,Smithfield town,Maine,1033,1030,1032,1023,1021,1019,1010,999,998,1004,1013
061,23,025,00000,69505,00000,1,A,Solon town,Maine,1053,1058,1059,1064,1068,1073,1064,1056,1060,1064,1075
061,23,025,00000,73845,00000,1,A,Starks town,Maine,640,637,638,637,638,637,634,630,630,631,632
061,23,025,00000,76190,00000,1,A,The Forks plantation,Maine,37,37,37,37,37,36,36,36,36,35,36
061,23,025,00000,82840,00000,1,A,West Forks plantation,Maine,60,60,60,60,59,59,59,58,58,57,58
050,23,027,00000,00000,00000,0,A,Waldo County,Maine,38786,38789,38820,38855,38927,39027,39036,39126,39436,39800,39694
157,23,027,03950,00000,00000,0,A,Belfast city,Maine,6668,6668,6666,6657,6670,6657,6654,6638,6723,6745,6714
157,23,027,99990,00000,00000,0,F,Balance of Waldo County,Maine,32118,32121,32154,32198,32257,32370,32382,32488,32713,33055,32980
061,23,027,00000,03950,00000,0,F,Belfast city,Maine,6668,6668,6666,6657,6670,6657,6654,6638,6723,6745,6714
071,23,027,03950,03950,00000,1,A,Belfast city,Maine,6668,6668,6666,6657,6670,6657,6654,6638,6723,6745,6714
061,23,027,00000,04125,00000,1,A,Belmont town,Maine,942,942,941,937,933,931,924,918,920,922,913
061,23,027,00000,07870,00000,1,A,Brooks town,Maine,1078,1075,1078,1082,1083,1089,1093,1101,1111,1132,1132
061,23,027,00000,09270,00000,1,A,Burnham town,Maine,1164,1166,1169,1172,1176,1180,1185,1195,1204,1229,1229
061,23,027,00000,26280,00000,1,A,Frankfort town,Maine,1124,1124,1127,1130,1131,1136,1138,1145,1156,1176,1176
061,23,027,00000,26420,00000,1,A,Freedom town,Maine,719,721,722,725,724,728,722,728,730,731,722
061,23,027,00000,35240,00000,1,A,Islesboro town,Maine,566,566,567,566,569,568,566,563,566,568,565
061,23,027,00000,35450,00000,1,A,Jackson town,Maine,548,552,553,555,556,559,562,566,569,580,581
061,23,027,00000,37585,00000,1,A,Knox town,Maine,806,803,802,799,800,797,793,794,796,797,792
061,23,027,00000,39055,00000,1,A,Liberty town,Maine,913,913,916,919,922,927,930,938,946,964,964
061,23,027,00000,39755,00000,1,A,Lincolnville town,Maine,2164,2164,2164,2165,2172,2182,2188,2199,2216,2231,2222
061,23,027,00000,46475,00000,1,A,Monroe town,Maine,890,890,893,895,897,900,905,911,918,937,936
061,23,027,00000,46790,00000,1,A,Montville town,Maine,1032,1030,1033,1037,1038,1044,1047,1056,1063,1085,1084
061,23,027,00000,47245,00000,1,A,Morrill town,Maine,884,884,885,881,878,885,880,874,881,887,883
061,23,027,00000,52845,00000,1,A,Northport town,Maine,1520,1518,1517,1521,1530,1530,1537,1542,1558,1574,1575
061,23,027,00000,56450,00000,1,A,Palermo town,Maine,1535,1535,1535,1534,1537,1536,1530,1525,1532,1539,1528
061,23,027,00000,61210,00000,1,A,Prospect town,Maine,709,706,707,710,709,714,716,720,726,739,738
061,23,027,00000,66565,00000,1,A,Searsmont town,Maine,1392,1392,1394,1392,1399,1406,1402,1394,1402,1412,1417
061,23,027,00000,66635,00000,1,A,Searsport town,Maine,2615,2616,2621,2632,2637,2653,2644,2633,2648,2660,2645
061,23,027,00000,74475,00000,1,A,Stockton Springs town,Maine,1591,1594,1592,1590,1586,1594,1596,1598,1614,1628,1628
061,23,027,00000,75525,00000,1,A,Swanville town,Maine,1388,1383,1381,1377,1375,1371,1364,1355,1362,1366,1357
061,23,027,00000,76610,00000,1,A,Thorndike town,Maine,890,889,888,884,887,883,882,881,890,895,894
061,23,027,00000,77625,00000,1,A,Troy town,Maine,1030,1024,1025,1025,1028,1035,1036,1027,1034,1036,1037
061,23,027,00000,78255,00000,1,A,Unity town,Maine,2099,2105,2103,2099,2098,2097,2089,2134,2131,2147,2139
061,23,027,00000,79480,00000,1,A,Waldo town,Maine,762,770,773,788,803,815,827,836,852,859,860
061,23,027,00000,86760,00000,1,A,Winterport town,Maine,3757,3759,3768,3783,3789,3810,3826,3855,3888,3961,3963
050,23,029,00000,00000,00000,0,A,Washington County,Maine,32856,32855,32828,32717,32545,32304,32012,31821,31609,31540,31490
157,23,029,09585,00000,00000,0,A,Calais city,Maine,3123,3123,3120,3104,3085,3068,3034,3015,2995,2988,2989
157,23,029,21730,00000,00000,0,A,Eastport city,Maine,1331,1331,1329,1321,1314,1301,1287,1281,1268,1263,1259
157,23,029,99990,00000,00000,0,F,Balance of Washington County,Maine,28402,28401,28379,28292,28146,27935,27691,27525,27346,27289,27242
061,23,029,00000,00380,00000,1,A,Addison town,Maine,1266,1266,1266,1267,1261,1255,1247,1246,1249,1254,1253
061,23,029,00000,00660,00000,1,A,Alexander town,Maine,499,501,501,500,496,494,492,488,485,483,482
061,23,029,00000,02480,00000,1,A,Baileyville town,Maine,1521,1523,1521,1514,1502,1502,1484,1472,1461,1457,1451
061,23,029,00000,02970,00000,1,A,Baring plantation,Maine,251,251,251,249,247,245,242,240,239,240,239
061,23,029,00000,03670,00000,1,A,Beals town,Maine,508,508,507,505,507,502,502,498,495,496,497
061,23,029,00000,03810,00000,1,A,Beddington town,Maine,50,50,50,50,49,49,48,48,48,47,47
061,23,029,00000,09585,00000,0,F,Calais city,Maine,3123,3123,3120,3104,3085,3068,3034,3015,2995,2988,2989
071,23,029,09585,09585,00000,1,A,Calais city,Maine,3123,3123,3120,3104,3085,3068,3034,3015,2995,2988,2989
061,23,029,00000,12175,00000,1,A,Charlotte town,Maine,332,332,331,329,327,324,320,318,317,316,315
061,23,029,00000,12455,00000,1,A,Cherryfield town,Maine,1232,1232,1230,1224,1215,1202,1188,1178,1168,1163,1160
061,23,029,00000,13610,00000,1,A,Codyville plantation,Maine,24,24,24,24,24,23,23,23,23,23,23
061,23,029,00000,13750,00000,1,A,Columbia town,Maine,486,491,490,487,484,479,473,470,467,467,466
061,23,029,00000,13820,00000,1,A,Columbia Falls town,Maine,560,555,554,551,545,547,541,538,533,531,530
061,23,029,00000,14100,00000,1,A,Cooper town,Maine,154,154,154,153,152,150,148,147,146,146,145
061,23,029,00000,14940,00000,1,A,Crawford town,Maine,105,101,101,100,99,98,97,97,97,97,96
061,23,029,00000,15920,00000,1,A,Cutler town,Maine,507,507,508,507,507,505,499,496,497,500,505
061,23,029,00000,16410,00000,1,A,Danforth town,Maine,589,588,587,591,589,584,580,578,574,575,574
061,23,029,00000,16865,00000,1,A,Deblois town,Maine,57,57,57,57,56,56,55,55,54,54,54
061,23,029,00000,17355,00000,1,A,Dennysville town,Maine,342,342,341,343,344,341,337,332,330,329,328
061,23,029,00000,19870,00000,1,S,East Central Washington UT,Maine,728,726,725,720,715,707,699,694,690,688,686
061,23,029,00000,20960,00000,1,A,East Machias town,Maine,1368,1365,1365,1361,1349,1337,1323,1315,1305,1301,1296
061,23,029,00000,21730,00000,0,F,Eastport city,Maine,1331,1331,1329,1321,1314,1301,1287,1281,1268,1263,1259
071,23,029,21730,21730,00000,1,A,Eastport city,Maine,1331,1331,1329,1321,1314,1301,1287,1281,1268,1263,1259
061,23,029,00000,28660,00000,1,A,Grand Lake Stream plantation,Maine,109,109,109,108,107,107,106,105,104,104,104
061,23,029,00000,31530,00000,1,A,Harrington town,Maine,1004,1004,1004,999,993,985,975,970,968,966,964
061,23,029,00000,35905,00000,1,A,Jonesboro town,Maine,583,583,584,587,585,586,579,575,579,578,581
061,23,029,00000,36010,00000,1,A,Jonesport town,Maine,1370,1370,1369,1369,1362,1349,1341,1335,1331,1331,1331
061,23,029,00000,41610,00000,1,A,Lubec town,Maine,1359,1359,1357,1348,1339,1311,1297,1288,1263,1259,1256
061,23,029,00000,41960,00000,1,A,Machias town,Maine,2221,2217,2214,2200,2183,2159,2134,2121,2087,2078,2072
061,23,029,00000,42100,00000,1,A,Machiasport town,Maine,1119,1119,1119,1116,1111,1103,1092,1085,1078,1081,1081
061,23,029,00000,43640,00000,1,A,Marshfield town,Maine,518,525,526,525,525,522,520,519,515,514,512
061,23,029,00000,44760,00000,1,A,Meddybemps town,Maine,157,157,157,156,155,153,151,149,148,148,148
061,23,029,00000,45600,00000,1,A,Milbridge town,Maine,1353,1353,1351,1349,1347,1335,1320,1310,1298,1269,1265
061,23,029,00000,51375,00000,1,A,Northfield town,Maine,148,148,148,147,146,144,142,141,140,140,139
061,23,029,00000,53500,00000,1,S,North Washington UT,Maine,499,499,498,495,492,488,482,479,476,475,474
061,23,029,00000,57082,00000,1,F,Passamaquoddy Indian Township Reservation,Maine,718,718,717,712,707,700,692,690,685,683,681
061,23,029,00000,57090,00000,1,F,Passamaquoddy Pleasant Point Reservation,Maine,749,749,748,743,740,733,725,719,715,715,713
061,23,029,00000,57780,00000,1,A,Pembroke town,Maine,840,840,839,832,825,816,806,799,791,790,786
061,23,029,00000,58165,00000,1,A,Perry town,Maine,889,889,891,906,914,925,949,940,934,930,927
061,23,029,00000,61035,00000,1,A,Princeton town,Maine,832,832,831,827,821,813,804,798,794,794,791
061,23,029,00000,63275,00000,1,A,Robbinston town,Maine,574,574,573,571,567,563,558,554,555,553,552
061,23,029,00000,63940,00000,1,A,Roque Bluffs town,Maine,303,307,306,305,302,302,300,298,296,296,296
061,23,029,00000,74125,00000,1,A,Steuben town,Maine,1131,1131,1131,1126,1122,1116,1107,1111,1112,1119,1126
061,23,029,00000,75770,00000,1,A,Talmadge town,Maine,64,64,64,64,63,62,62,61,61,61,60
061,23,029,00000,76895,00000,1,A,Topsfield town,Maine,237,237,237,235,233,231,230,228,226,226,226
061,23,029,00000,78675,00000,1,A,Vanceboro town,Maine,140,140,140,139,138,137,135,135,134,134,133
061,23,029,00000,79375,00000,1,A,Waite town,Maine,101,101,101,100,99,99,97,97,96,97,97
061,23,029,00000,81685,00000,1,A,Wesley town,Maine,98,98,98,97,97,96,94,94,94,93,93
061,23,029,00000,85185,00000,1,A,Whiting town,Maine,487,489,488,490,489,488,485,483,481,482,481
061,23,029,00000,85290,00000,1,A,Whitneyville town,Maine,220,216,216,214,216,212,210,208,207,206,206
050,23,031,00000,00000,00000,0,A,York County,Maine,197131,197140,197216,198223,198872,199439,200840,201267,202663,204513,206229
157,23,031,04860,00000,00000,0,A,Biddeford city,Maine,21277,21276,21268,21310,21307,21340,21410,21411,21458,21488,21514
157,23,031,64675,00000,00000,0,A,Saco city,Maine,18482,18501,18516,18645,18765,18890,19049,19079,19265,19567,19748
157,23,031,65725,00000,00000,0,A,Sanford city,Maine,A,20791,20788,20842,20871,20832,20911,20917,21004,21080,21183
157,23,031,99990,00000,00000,0,F,Balance of York County,Maine,157372,136572,136644,137426,137929,138377,139470,139860,140936,142378,143784
061,23,031,00000,00275,00000,1,A,Acton town,Maine,2447,2447,2452,2483,2499,2515,2540,2556,2570,2593,2611
061,23,031,00000,00730,00000,1,A,Alfred town,Maine,3019,3023,3025,3047,3055,3064,3085,3079,3105,3107,3142
061,23,031,00000,01605,00000,1,A,Arundel town,Maine,4022,4026,4033,4076,4102,4133,4180,4173,4215,4264,4333
061,23,031,00000,04720,00000,1,A,Berwick town,Maine,7246,7241,7251,7345,7450,7458,7496,7525,7590,7671,7790
061,23,031,00000,04860,00000,0,F,Biddeford city,Maine,21277,21276,21268,21310,21307,21340,21410,21411,21458,21488,21514
071,23,031,04860,04860,00000,1,A,Biddeford city,Maine,21277,21276,21268,21310,21307,21340,21410,21411,21458,21488,21514
061,23,031,00000,09410,00000,1,A,Buxton town,Maine,8034,8035,8037,8065,8073,8080,8131,8145,8201,8260,8310
061,23,031,00000,14485,00000,1,A,Cornish town,Maine,1403,1406,1407,1414,1417,1417,1422,1417,1419,1422,1424
061,23,031,00000,16725,00000,1,A,Dayton town,Maine,1965,1959,1963,1993,2004,2007,2020,2016,2029,2050,2068
061,23,031,00000,22955,00000,1,A,Eliot town,Maine,6204,6214,6212,6235,6242,6248,6296,6333,6430,6594,6747
061,23,031,00000,33665,00000,1,A,Hollis town,Maine,4281,4285,4284,4311,4330,4355,4411,4457,4514,4614,4706
061,23,031,00000,36535,00000,1,A,Kennebunk town,Maine,10798,10793,10813,10876,10948,11048,11170,11214,11356,11456,11529
061,23,031,00000,36745,00000,1,A,Kennebunkport town,Maine,3474,3474,3474,3493,3500,3525,3542,3559,3576,3613,3639
061,23,031,00000,37270,00000,1,A,Kittery town,Maine,9490,9494,9499,9530,9596,9603,9683,9655,9650,9794,9846
061,23,031,00000,38425,00000,1,A,Lebanon town,Maine,6031,6031,6039,6069,6115,6097,6142,6150,6209,6282,6346
061,23,031,00000,39195,00000,1,A,Limerick town,Maine,2892,2892,2892,2911,2909,2903,2915,2911,2918,2955,2987
061,23,031,00000,39405,00000,1,A,Limington town,Maine,3713,3713,3715,3734,3739,3750,3772,3768,3784,3830,3865
061,23,031,00000,41750,00000,1,A,Lyman town,Maine,4344,4351,4352,4366,4370,4367,4386,4382,4413,4452,4492
061,23,031,00000,48750,00000,1,A,Newfield town,Maine,1522,1522,1524,1532,1541,1550,1559,1563,1570,1574,1578
061,23,031,00000,50325,00000,1,A,North Berwick town,Maine,4576,4581,4582,4605,4609,4612,4645,4651,4668,4693,4714
061,23,031,00000,54980,00000,1,A,Ogunquit town,Maine,892,899,899,905,908,911,918,918,920,924,927
061,23,031,00000,55085,00000,1,A,Old Orchard Beach town,Maine,8624,8613,8610,8635,8641,8661,8727,8749,8792,8868,8908
061,23,031,00000,56870,00000,1,A,Parsonsfield town,Maine,1898,1895,1894,1897,1898,1903,1915,1920,1933,1953,1958
061,23,031,00000,64675,00000,0,F,Saco city,Maine,18482,18501,18516,18645,18765,18890,19049,19079,19265,19567,19748
071,23,031,64675,64675,00000,1,A,Saco city,Maine,18482,18501,18516,18645,18765,18890,19049,19079,19265,19567,19748
061,23,031,00000,65725,00000,0,F,Sanford city,Maine,A,20791,20788,20842,20871,20832,20911,20917,21004,21080,21183
071,23,031,65725,65725,00000,1,A,Sanford city,Maine,A,20791,20788,20842,20871,20832,20911,20917,21004,21080,21183
061,23,031,00000,67475,00000,1,A,Shapleigh town,Maine,2668,2667,2666,2672,2671,2668,2681,2693,2706,2726,2741
061,23,031,00000,70030,00000,1,A,South Berwick town,Maine,7220,7213,7213,7248,7243,7263,7298,7395,7411,7464,7524
061,23,031,00000,80530,00000,1,A,Waterboro town,Maine,7693,7692,7693,7718,7718,7713,7737,7737,7782,7839,7904
061,23,031,00000,81475,00000,1,A,Wells town,Maine,9589,9589,9586,9676,9730,9844,9987,10052,10194,10347,10544
061,23,031,00000,87985,00000,1,A,York town,Maine,12529,12517,12529,12590,12621,12682,12812,12842,12981,13033,13151
